<?xml version="1.0" encoding="utf-8"?>
<extension version="3.4" type="plugin" group="system" method="upgrade">
    <name>System - Helix3 Framework</name>
    <author>JoomShaper.com</author>
    <creationDate>Jan 2015</creationDate>
    <copyright>Copyright (C) 2010 - 2017 JoomShaper. All rights reserved.</copyright>
    <license>http://www.gnu.org/licenses/gpl-2.0.html GPLv2 or later</license>
    <authorEmail>support@joomshaper.com</authorEmail>
    <authorUrl>www.joomshaper.com</authorUrl>
    <version>2.5.5</version>
    <description>Helix3 Framework - Joomla Template Framework by JoomShaper</description>

    <updateservers>
        <server type="extension" priority="1" name="System - Helix3 Framework">http://www.joomshaper.com/updates/plg-system-helix3.xml</server>
    </updateservers>

    <languages>
        <language tag="en-GB">language/en-GB.plg_system_helix3.ini</language>
    </languages>

    <files>
		<filename plugin="helix3">helix3.php</filename>
		<folder plugin="helix3">assets</folder>
		<folder plugin="helix3">core</folder>
		<folder plugin="helix3">language</folder>
        <folder plugin="helix3">fields</folder>
        <folder plugin="helix3">layout</folder>
        <folder plugin="helix3">layouts</folder>
		<folder plugin="helix3">params</folder>
    </files>
    <fieldset addfieldpath="/plugins/system/helix3/fields"></fieldset>
</extension>
